date;1. open;2. high;3. low;4. close;5. volume
2021-05-25;1.73;1.805;1.63;1.67;1286909.0
2021-05-21;1.73;1.8235;1.705;1.7505;793344.0
2021-05-20;1.667;1.7295;1.6425;1.688;294238.0
2021-05-19;1.71;1.71;1.6;1.679;751818.0
2021-05-18;1.7705;1.7705;1.681;1.7455;480515.0
2021-05-17;1.72;1.7795;1.7135;1.7585;955286.0
2021-05-14;1.681;1.7195;1.5665;1.714;868323.0
2021-05-13;1.645;1.716;1.5815;1.638;5356066.0
2021-05-12;1.775;1.775;1.6315;1.685;1339634.0
2021-05-11;1.708;1.8;1.62;1.7995;1998605.0
2021-05-10;2.02;2.02;1.745;1.7695;1922473.0
2021-05-07;1.76;1.9795;1.7045;1.9785;2137412.0
2021-05-06;1.98;1.99;1.7;1.7605;5132735.0
2021-05-05;2.035;2.141;1.915;1.9795;2564869.0
2021-05-04;2.38;2.395;1.99;2.06;4556409.0
2021-05-03;2.45;2.459;2.354;2.383;298042.0
2021-04-30;2.5;2.51;2.367;2.436;460928.0
2021-04-29;2.559;2.574;2.491;2.525;323848.0
2021-04-28;2.599;2.599;2.5;2.53;325297.0
2021-04-27;2.588;2.6;2.528;2.579;364895.0
2021-04-26;2.548;2.599;2.5;2.56;325343.0
2021-04-23;2.502;2.54;2.451;2.5;325939.0
2021-04-22;2.4;2.569;2.37;2.47;808598.0
2021-04-21;2.37;2.398;2.26;2.37;717761.0
2021-04-20;2.522;2.539;2.365;2.418;984767.0
2021-04-19;2.612;2.65;2.45;2.49;902784.0
2021-04-16;2.479;2.619;2.471;2.57;876610.0
2021-04-15;2.476;2.527;2.436;2.446;287671.0
2021-04-14;2.476;2.515;2.44;2.45;609786.0
2021-04-13;2.455;2.481;2.4;2.441;371931.0
2021-04-12;2.555;2.558;2.42;2.445;584561.0
2021-04-09;2.538;2.589;2.5;2.529;364897.0
2021-04-08;2.51;2.54;2.45;2.501;474546.0
2021-04-07;2.64;2.67;2.45;2.465;897053.0
2021-04-06;2.52;2.68;2.519;2.623;1028467.0
2021-04-01;2.53;2.577;2.42;2.461;853719.0
2021-03-31;2.4;2.538;2.395;2.49;928780.0
2021-03-30;2.3;2.4;2.292;2.394;874571.0
2021-03-29;2.2;2.319;2.176;2.299;705077.0
2021-03-26;2.18;2.217;2.151;2.161;375722.0
2021-03-25;2.12;2.195;2.06;2.131;1356390.0
2021-03-24;2.17;2.22;2.132;2.165;544742.0
2021-03-23;2.3;2.3;2.16;2.185;564052.0
2021-03-22;2.192;2.306;2.15;2.3;991468.0
2021-03-19;2.15;2.23;2.11;2.169;599984.0
2021-03-18;2.155;2.249;2.146;2.183;622738.0
2021-03-17;2.2;2.247;2.1;2.189;1303304.0
2021-03-16;2.27;2.29;2.211;2.25;615429.0
2021-03-15;2.366;2.366;2.21;2.279;1246672.0
2021-03-12;2.427;2.427;2.261;2.321;782800.0
2021-03-11;2.4;2.441;2.329;2.429;783589.0
2021-03-10;2.54;2.587;2.3;2.36;1551028.0
2021-03-09;2.141;2.52;2.141;2.491;1408140.0
2021-03-08;2.275;2.275;2.07;2.136;1935885.0
2021-03-05;2.18;2.324;2.09;2.25;1743578.0
2021-03-04;2.37;2.439;2.14;2.147;1855766.0
2021-03-03;2.627;2.627;2.361;2.421;1365203.0
2021-03-02;2.55;2.62;2.507;2.555;898784.0
2021-03-01;2.58;2.599;2.45;2.553;1076743.0
2021-02-26;2.35;2.509;2.25;2.495;1148571.0
2021-02-25;2.61;2.618;2.342;2.395;1160245.0
2021-02-24;2.491;2.629;2.45;2.586;1282590.0
2021-02-23;2.645;2.7;2.28;2.444;3577826.0
2021-02-22;2.85;2.876;2.59;2.628;1128694.0
2021-02-19;2.64;2.85;2.45;2.791;2598705.0
2021-02-18;2.949;2.998;2.54;2.681;3167524.0
2021-02-17;3.04;3.079;2.796;2.901;1251272.0
2021-02-16;2.99;3.148;2.981;3.035;496830.0
2021-02-15;2.943;3.085;2.943;3.011;788367.0
2021-02-12;3.1;3.15;3.004;3.051;471207.0
2021-02-11;3.118;3.184;3.09;3.099;403316.0
2021-02-10;3.09;3.209;3.085;3.128;747831.0
2021-02-09;3.219;3.219;3.069;3.115;664002.0
2021-02-08;3.231;3.249;3.16;3.194;770743.0
2021-02-05;3.179;3.249;3.15;3.16;649359.0
2021-02-04;3.157;3.215;3.131;3.178;537492.0
2021-02-03;3.05;3.189;3.001;3.12;745208.0
2021-02-02;3.031;3.069;2.99;3.039;528953.0
2021-02-01;2.97;3.049;2.941;2.999;585015.0
2021-01-29;2.876;3.009;2.781;2.911;753699.0
2021-01-28;3.058;3.058;2.64;2.988;4592026.0
2021-01-27;3.255;3.361;2.95;3.115;2184412.0
2021-01-26;3.208;3.28;3.161;3.278;751210.0
2021-01-25;3.25;3.279;3.17;3.229;1211185.0
2021-01-22;3.2;3.254;3.141;3.21;1143170.0
2021-01-21;3.092;3.199;3.05;3.159;1257616.0
2021-01-20;3.145;3.189;3.025;3.094;829550.0
2021-01-19;3.065;3.149;3.003;3.13;1657076.0
2021-01-18;3.18;3.199;2.912;3.034;2617460.0
2021-01-15;3.24;3.299;3.141;3.172;1659662.0
2021-01-14;3.326;3.4;3.144;3.19;1985672.0
2021-01-13;3.215;3.329;3.164;3.319;1883152.0
2021-01-12;3.2;3.249;3.1;3.178;1960368.0
2021-01-11;3.351;3.351;3.035;3.209;3213669.0
2021-01-08;3.215;3.399;3.2;3.31;3449915.0
2021-01-07;2.918;3.165;2.9;3.139;2642937.0
2021-01-06;2.9;2.93;2.821;2.88;1150575.0
2021-01-05;2.922;2.939;2.794;2.903;1565043.0
2021-01-04;2.851;2.959;2.8;2.94;2376822.0
2020-12-30;2.747;2.776;2.657;2.69;552657.0
2020-12-29;2.85;2.91;2.62;2.767;2614589.0
2020-12-28;2.65;2.779;2.634;2.75;2803909.0
2020-12-23;2.5;2.595;2.499;2.561;1803675.0
2020-12-22;2.34;2.5;2.34;2.479;1739119.0
2020-12-21;2.389;2.389;2.26;2.349;952871.0
2020-12-18;2.36;2.397;2.338;2.388;533255.0
2020-12-17;2.368;2.398;2.313;2.359;609862.0
2020-12-16;2.32;2.394;2.3;2.36;784958.0
2020-12-15;2.278;2.319;2.253;2.319;493642.0
2020-12-14;2.254;2.324;2.25;2.26;586731.0
2020-12-11;2.25;2.3;2.217;2.246;581457.0
2020-12-10;2.3;2.331;2.183;2.238;947090.0
2020-12-09;2.278;2.39;2.261;2.28;1415161.0
2020-12-08;2.249;2.272;2.22;2.263;423285.0
2020-12-07;2.2;2.245;2.15;2.23;545014.0
2020-12-04;2.085;2.219;2.024;2.179;1074195.0
2020-12-03;2.2;2.201;2.077;2.11;1401373.0
2020-12-02;2.245;2.266;2.16;2.22;992790.0
2020-12-01;2.41;2.427;2.174;2.255;1672204.0
2020-11-30;2.29;2.475;2.271;2.349;2851552.0
2020-11-27;2.18;2.289;2.18;2.266;1689099.0
2020-11-26;2.11;2.22;2.11;2.165;1289065.0
2020-11-25;2.14;2.183;2.04;2.109;1298181.0
2020-11-24;2.143;2.189;2.1;2.11;1430546.0
2020-11-23;2.164;2.19;2.059;2.109;1642277.0
2020-11-20;2.111;2.159;2.092;2.138;1659328.0
2020-11-19;1.9795;2.134;1.958;2.066;3952220.0
2020-11-18;1.91;1.984;1.89;1.9795;1305078.0
2020-11-17;1.8395;1.9155;1.822;1.9095;1311701.0
2020-11-16;1.8495;1.8495;1.7905;1.8195;675456.0
2020-11-13;1.8475;1.8495;1.7905;1.8175;540070.0
2020-11-12;1.8195;1.87;1.8;1.8245;821874.0
2020-11-11;1.7795;1.82;1.75;1.805;540225.0
2020-11-10;1.7815;1.814;1.75;1.78;567360.0
2020-11-09;1.8;1.8545;1.76;1.8095;1712635.0
2020-11-06;1.73;1.755;1.6905;1.73;637900.0
2020-11-05;1.7875;1.8;1.7175;1.7595;859454.0
2020-11-04;1.75;1.7995;1.64;1.78;1080608.0
2020-11-03;1.6895;1.76;1.656;1.7495;841883.0
2020-11-02;1.65;1.67;1.6;1.6515;563329.0
2020-10-30;1.5395;1.665;1.5215;1.629;862236.0
2020-10-29;1.51;1.5695;1.49;1.5685;849922.0
2020-10-28;1.562;1.59;1.5;1.506;1215938.0
2020-10-27;1.571;1.6385;1.5545;1.6085;696544.0
2020-10-26;1.669;1.67;1.55;1.5585;972067.0
2020-10-23;1.66;1.7095;1.62;1.6895;641070.0
2020-10-22;1.6005;1.641;1.56;1.6195;988074.0
2020-10-21;1.7095;1.7185;1.6;1.6395;1194024.0
2020-10-20;1.672;1.74;1.65;1.6905;799976.0
2020-10-19;1.762;1.7995;1.69;1.7245;808536.0
2020-10-16;1.7525;1.7975;1.7425;1.76;1291464.0
2020-10-15;1.8305;1.8305;1.6715;1.749;2205596.0
2020-10-14;1.8305;1.899;1.82;1.8365;5102418.0
2020-10-13;1.95;1.964;1.85;1.875;7830802.0
2020-10-12;1.8255;1.9785;1.825;1.9385;7982971.0
2020-10-09;1.84;1.8595;1.783;1.8245;6444471.0
2020-10-08;1.7105;1.85;1.7105;1.82;7406399.0
2020-10-07;1.7155;1.7495;1.659;1.725;5412354.0
2020-10-06;1.6975;1.7495;1.666;1.7395;4854605.0
2020-10-05;1.6;1.6845;1.597;1.678;4347411.0
2020-10-02;1.579;1.6065;1.5355;1.59;6142016.0
2020-10-01;1.569;1.63;1.55;1.605;3497495.0
2020-09-30;1.51;1.549;1.4405;1.535;5769795.0
2020-09-29;1.598;1.6175;1.483;1.515;7775430.0
2020-09-28;1.5135;1.5685;1.482;1.5345;7301806.0
2020-09-25;1.3825;1.468;1.3605;1.462;8240077.0
2020-09-24;1.48;1.48;1.3415;1.415;12895147.0
2020-09-23;1.66;1.6795;1.5135;1.5135;7975479.0
2020-09-22;1.465;1.6515;1.45;1.629;17230839.0
2020-09-21;1.727;1.727;1.3755;1.478;24781353.0
2020-09-18;1.7775;1.8;1.705;1.747;2493026.0
2020-09-17;1.789;1.789;1.704;1.7695;5514764.0
2020-09-16;1.745;1.789;1.6645;1.789;9153988.0
2020-09-15;1.823;1.828;1.7225;1.7305;9341712.0
2020-09-14;1.97;1.9795;1.73;1.833;12493932.0
2020-09-11;2.012;2.037;1.899;1.94;5817367.0
2020-09-10;2.08;2.13;1.95;2.016;5211032.0
2020-09-09;2.118;2.149;2.064;2.1;4324377.0
2020-09-08;2.091;2.15;2.0;2.119;5242125.0
2020-09-07;2.003;2.089;1.959;2.089;4730562.0
2020-09-04;1.9875;2.029;1.85;1.9455;6600704.0
2020-09-03;2.188;2.188;1.9535;2.025;8327983.0
2020-09-02;2.091;2.195;2.091;2.16;6293008.0
2020-09-01;2.032;2.099;2.031;2.089;3445060.0
2020-08-31;1.992;2.051;1.96;2.022;3234037.0
2020-08-28;1.999;2.029;1.936;1.96;3839317.0
2020-08-27;2.045;2.079;1.976;1.9935;7168285.0
2020-08-26;1.978;2.09;1.917;2.048;7900104.0
2020-08-25;1.9805;2.0;1.8765;1.8935;698294.0
2020-08-24;1.94;2.015;1.93;1.98;1062389.0
2020-08-21;1.88;1.9395;1.8565;1.9195;4208934.0
2020-08-20;1.903;1.9095;1.809;1.8285;2888666.0
2020-08-18;1.805;1.8995;1.789;1.8895;4046252.0
2020-08-17;1.785;1.82;1.75;1.7995;0.0
2020-08-14;1.7795;1.7845;1.7405;1.7785;0.0
2020-08-13;1.7275;1.7845;1.6905;1.7695;0.0
2020-08-12;1.73;1.7415;1.6955;1.7175;0.0
2020-08-11;1.69;1.7595;1.6605;1.721;4265671.0
2020-08-10;1.73;1.741;1.659;1.6775;2794496.0
2020-08-07;1.745;1.745;1.6915;1.704;1780778.0
2020-08-06;1.738;1.762;1.6915;1.72;2479105.0
2020-08-05;1.73;1.7435;1.6795;1.71;3357847.0
2020-08-04;1.7975;1.8225;1.7155;1.75;5017366.0
2020-08-03;1.73;1.7895;1.71;1.7795;4451904.0
2020-07-31;1.64;1.771;1.6305;1.7185;4723486.0
2020-07-29;1.7465;1.8045;1.71;1.7605;2815803.0
2020-07-28;1.887;1.895;1.73;1.7975;5932981.0
2020-07-27;1.77;1.86;1.6905;1.8495;10298746.0
2020-07-24;1.6995;1.76;1.586;1.74;17591129.0
2020-07-21;2.02;2.112;2.02;2.057;4636298.0
2020-07-20;2.029;2.055;1.92;2.029;7361309.0
2020-07-17;2.03;2.079;2.026;2.059;0.0
2020-07-16;2.075;2.098;2.03;2.055;4856354.0
2020-07-15;2.12;2.126;2.063;2.094;6310414.0
2020-07-14;2.0;2.14;2.0;2.074;10820616.0
2020-07-13;2.139;2.193;2.11;2.187;8592209.0
2020-07-10;2.097;2.1;2.05;2.092;8363878.0
2020-07-09;2.072;2.15;2.05;2.109;11560676.0
2020-07-08;1.9795;2.079;1.93;2.022;10149311.0
2020-07-07;2.107;2.109;1.884;1.999;14981818.0
2020-07-06;1.9;2.079;1.889;2.053;13364419.0
2020-07-03;1.83;1.88;1.8205;1.86;6283862.0
2020-07-02;1.758;1.848;1.733;1.82;6592914.0
2020-07-01;1.769;1.7775;1.7;1.7575;4483057.0
2020-06-30;1.76;1.8075;1.7;1.76;6450281.0
2020-06-29;1.642;1.75;1.64;1.75;7678682.0
2020-06-26;1.77;1.793;1.485;1.63;11598429.0
2020-06-25;1.784;1.7995;1.71;1.76;4422610.0
2020-06-24;1.836;1.849;1.76;1.776;4851335.0
2020-06-23;1.75;1.8395;1.74;1.829;4457129.0
2020-06-22;1.77;1.79;1.72;1.7405;4900708.0
2020-06-19;1.8195;1.8195;1.74;1.77;5763119.0
2020-06-18;1.84;1.8595;1.75;1.7965;6827702.0
2020-06-17;1.857;1.8925;1.831;1.84;6993813.0
2020-06-16;1.805;1.8865;1.7675;1.855;10842922.0
2020-06-15;1.825;1.825;1.7105;1.76;13891295.0
2020-06-12;1.77;1.8845;1.7155;1.825;20366907.0
2020-06-11;1.951;1.952;1.7;1.772;26954391.0
2020-06-10;1.719;1.9495;1.69;1.9495;18712392.0
2020-06-09;1.7195;1.7295;1.6425;1.719;12758357.0
2020-06-08;1.72;1.7295;1.6;1.7;19332505.0
2020-06-05;1.799;1.799;1.6175;1.6765;29355628.0
2020-06-04;1.65;1.9095;1.5505;1.742;35910833.0
2020-06-03;1.461;1.5;1.456;1.498;10843089.0
2020-06-02;1.45;1.48;1.3905;1.4495;8659526.0
2020-05-29;1.33;1.3895;1.31;1.3795;7914498.0
2020-05-28;1.345;1.3695;1.29;1.3575;11816163.0
2020-05-27;1.33;1.415;1.162;1.2695;24015301.0
2020-05-26;1.2195;1.33;1.215;1.33;13827620.0
2020-05-25;1.153;1.2195;1.1405;1.215;9879644.0
2020-05-22;1.073;1.148;1.069;1.1265;4773916.0
2020-05-21;1.08;1.0955;1.076;1.0835;2330601.0
2020-05-20;1.0745;1.1095;1.0405;1.0895;4754090.0
2020-05-19;1.0895;1.0895;1.0425;1.0565;3240782.0
2020-05-18;1.07;1.0835;1.0485;1.062;2667445.0
2020-05-15;1.0505;1.071;1.0305;1.05;3702319.0
2020-05-14;1.0775;1.079;1.01;1.0495;4205981.0
2020-05-13;1.064;1.0995;1.0605;1.0695;4663331.0
2020-05-12;1.046;1.0895;1.02;1.0735;3500678.0
2020-05-11;1.0795;1.086;1.0275;1.041;4775705.0
2020-05-08;1.0895;1.107;1.0605;1.0765;2834389.0
2020-05-07;1.088;1.1085;1.068;1.08;4138377.0
2020-05-06;1.13;1.1395;1.1055;1.1055;2658515.0
2020-05-05;1.101;1.13;1.101;1.1295;3567262.0
2020-05-04;1.0905;1.0975;1.0195;1.092;7183182.0
2020-04-30;1.1405;1.169;1.11;1.1195;6413186.0
2020-04-29;1.169;1.174;1.09;1.1375;7982647.0
2020-04-28;1.144;1.1745;1.1245;1.1535;7142757.0
2020-04-27;1.1195;1.14;1.105;1.1345;5729441.0
2020-04-24;1.0815;1.11;1.081;1.104;4781915.0
2020-04-23;1.0945;1.118;1.07;1.08;5367395.0
2020-04-22;1.0585;1.092;1.042;1.088;4868235.0
2020-04-21;1.0545;1.085;1.02;1.052;6870262.0
2020-04-20;1.0995;1.0995;1.058;1.065;6119452.0
2020-04-17;1.081;1.0995;1.0655;1.084;5447273.0
2020-04-16;1.025;1.074;1.025;1.0535;8903300.0
2020-04-15;1.098;1.1195;0.9912;1.02;16326503.0
2020-04-14;1.09;1.092;1.025;1.09;11894232.0
2020-04-09;0.9998;1.058;0.9964;1.0305;10095379.0
2020-04-08;1.006;1.006;0.955;0.9868;8745150.0
2020-04-07;0.94;1.005;0.94;0.9652;14760353.0
2020-04-06;0.9;0.939;0.89;0.9346;5894828.0
2020-04-03;0.8902;0.8946;0.8662;0.8896;4746396.0
2020-04-02;0.885;0.9;0.8656;0.89;5106252.0
2020-04-01;0.8846;0.9;0.86;0.8828;3953944.0
2020-03-31;0.8895;0.9195;0.875;0.8995;6086080.0
2020-03-30;0.8805;0.894;0.8435;0.8755;6542242.0
2020-03-27;0.8895;0.9245;0.8735;0.8815;7598840.0
2020-03-26;0.915;0.917;0.86;0.8975;11622936.0
2020-03-25;0.93;0.9595;0.861;0.92;18563705.0
2020-03-24;0.86;0.93;0.85;0.869;13892057.0
2020-03-23;0.785;0.816;0.7425;0.7995;14521404.0
2020-03-20;0.8245;0.918;0.8;0.8005;17070202.0
2020-03-19;0.7195;0.806;0.691;0.7975;10535203.0
2020-03-18;0.7;0.752;0.7;0.7005;9390904.0
2020-03-17;0.725;0.76;0.6985;0.7395;16870857.0
2020-03-16;0.7;0.73;0.628;0.7035;23850677.0
2020-03-13;0.712;0.81;0.7105;0.7285;27202809.0
2020-03-12;0.819;0.82;0.6695;0.74;28327298.0
2020-03-11;0.9295;0.945;0.8655;0.871;14279594.0
2020-03-10;0.9495;0.977;0.87;0.9345;21910258.0
2020-03-09;0.9;0.93;0.8305;0.85;29096851.0
2020-03-06;1.03;1.047;0.95;1.023;19331225.0
2020-03-05;1.208;1.219;1.016;1.088;39595903.0
2020-03-04;1.135;1.179;1.068;1.159;18027164.0
2020-03-03;1.102;1.134;1.041;1.08;29824067.0
2020-03-02;1.09;1.118;0.934;1.069;25995363.0
2020-02-28;0.82;0.9895;0.8;0.952;32925800.0
2020-02-27;1.015;1.059;0.9225;0.964;30177922.0
2020-02-26;1.12;1.13;0.972;1.049;28093383.0
2020-02-25;1.152;1.21;1.105;1.14;26954218.0
2020-02-24;1.29;1.29;1.06;1.097;34284072.0
2020-02-21;1.335;1.405;1.285;1.33;27503231.0
2020-02-20;1.455;1.539;1.228;1.359;45573438.0
2020-02-19;1.259;1.465;1.25;1.465;24729152.0
2020-02-18;1.217;1.255;1.179;1.255;13638828.0
2020-02-17;1.178;1.212;1.17;1.212;10576076.0
2020-02-14;1.142;1.169;1.132;1.155;6383164.0
2020-02-13;1.159;1.159;1.095;1.144;10827963.0
2020-02-12;1.149;1.183;1.13;1.149;11938333.0
2020-02-11;1.134;1.15;1.09;1.139;16663726.0
2020-02-10;1.041;1.129;1.04;1.123;17389007.0
2020-02-07;1.049;1.055;1.01;1.039;8806687.0
2020-02-06;0.979;1.048;0.978;1.036;8871595.0
2020-02-05;0.972;0.9985;0.94;0.972;5744405.0
2020-02-04;0.934;0.9785;0.9295;0.973;6401495.0
2020-02-03;0.913;0.9285;0.872;0.9285;6654524.0
2020-01-31;0.862;0.9325;0.8615;0.88;5683472.0
2020-01-30;0.865;0.886;0.8535;0.881;6089682.0
2020-01-29;0.896;0.9215;0.8655;0.874;9964807.0
2020-01-28;0.8945;0.8945;0.8335;0.8835;16650734.0
2020-01-27;1.01;1.01;0.8355;0.892;20182982.0
2020-01-24;0.96;1.009;0.9525;1.009;6450377.0
2020-01-23;0.96;0.9965;0.9425;0.952;9029324.0
2020-01-22;0.998;1.024;0.927;0.9505;15519257.0
2020-01-21;1.073;1.073;0.974;1.02;13968697.0
2020-01-20;1.03;1.078;1.006;1.078;12372209.0
2020-01-17;1.028;1.028;0.983;1.026;10257863.0
2020-01-16;0.96;1.019;0.96;1.009;7215956.0
2020-01-15;0.948;0.961;0.92;0.9595;4602127.0
2020-01-14;0.948;0.9515;0.923;0.9445;6592585.0
2020-01-13;0.91;0.9525;0.9015;0.945;7070639.0
2020-01-10;0.8895;0.9015;0.8805;0.899;3779079.0
2020-01-09;0.8835;0.8975;0.8705;0.889;4048071.0
2020-01-08;0.86;0.88;0.843;0.88;4750692.0
2020-01-07;0.865;0.8885;0.86;0.869;6126762.0
2020-01-06;0.882;0.882;0.825;0.868;9025454.0
2020-01-03;0.923;0.923;0.867;0.881;8658195.0
2020-01-02;0.897;0.922;0.8895;0.922;4205644.0
2019-12-30;0.886;0.897;0.875;0.888;6429440.0
2019-12-27;0.8655;0.8915;0.86;0.865;4258870.0
2019-12-23;0.8545;0.8645;0.8415;0.86;5458613.0
2019-12-20;0.8345;0.8545;0.8285;0.8355;5427573.0
2019-12-19;0.8035;0.8365;0.799;0.8345;4244003.0
2019-12-18;0.807;0.807;0.7835;0.8035;3133442.0
2019-12-17;0.795;0.8095;0.7845;0.7995;2528988.0
2019-12-16;0.78;0.7985;0.763;0.7895;2387199.0
2019-12-13;0.7615;0.7715;0.75;0.759;1500161.0
2019-12-12;0.724;0.7595;0.723;0.756;1368261.0
2019-12-11;0.7495;0.7525;0.725;0.7275;1161363.0
2019-12-10;0.759;0.759;0.73;0.735;1744816.0
2019-12-09;0.734;0.7565;0.72;0.756;2575092.0
2019-12-06;0.72;0.733;0.71;0.733;2437699.0
2019-12-05;0.7445;0.7505;0.71;0.719;3632629.0
2019-12-04;0.706;0.7425;0.705;0.7365;6089489.0
2019-12-03;0.76;0.76;0.69;0.705;9006160.0
2019-12-02;0.77;0.779;0.7415;0.751;4554661.0
2019-11-29;0.7765;0.7935;0.7695;0.7705;1951806.0
2019-11-28;0.803;0.804;0.78;0.785;2308407.0
2019-11-27;0.814;0.8155;0.7905;0.8005;1610182.0
2019-11-26;0.819;0.819;0.8025;0.81;1719625.0
2019-11-25;0.81;0.819;0.791;0.8055;2430923.0
2019-11-22;0.7735;0.81;0.764;0.792;4332222.0
2019-11-21;0.779;0.782;0.752;0.762;4083895.0
2019-11-20;0.807;0.807;0.734;0.7705;12512971.0
2019-11-19;0.8685;0.884;0.75;0.8165;14727805.0
2019-11-18;0.849;0.868;0.84;0.8655;4853911.0
2019-11-15;0.839;0.845;0.83;0.8395;2450907.0
2019-11-14;0.8265;0.843;0.82;0.8385;2252623.0
2019-11-13;0.8135;0.8345;0.799;0.8225;2760645.0
2019-11-12;0.824;0.824;0.7965;0.816;3930074.0
2019-11-11;0.837;0.8515;0.8;0.8245;3746475.0
2019-11-08;0.8195;0.8395;0.8105;0.8345;5301020.0
2019-11-07;0.7985;0.83;0.785;0.8235;4679354.0
2019-11-06;0.796;0.799;0.76;0.793;3978603.0
2019-11-05;0.8325;0.834;0.777;0.8;4451755.0
2019-11-04;0.801;0.8305;0.796;0.8295;3214742.0
2019-11-01;0.7795;0.8;0.766;0.79;1356232.0
2019-10-31;0.7885;0.7895;0.767;0.7815;2039950.0
2019-10-30;0.745;0.801;0.745;0.7785;3132695.0
2019-10-29;0.7575;0.7575;0.737;0.75;1743641.0
2019-10-28;0.77;0.77;0.744;0.758;2276209.0
2019-10-25;0.759;0.771;0.75;0.754;1170955.0
2019-10-24;0.758;0.763;0.742;0.7615;1786981.0
2019-10-23;0.7445;0.7595;0.728;0.7585;0.0
2019-10-22;0.778;0.779;0.7345;0.745;2240088.0
2019-10-21;0.78;0.79;0.76;0.7735;2223176.0
2019-10-18;0.7735;0.788;0.763;0.7775;2677110.0
2019-10-17;0.76;0.779;0.7435;0.77;2161818.0
2019-10-16;0.743;0.7625;0.735;0.7625;2264775.0
2019-10-15;0.747;0.747;0.7205;0.7455;1782470.0
2019-10-14;0.771;0.7775;0.729;0.7515;2882419.0
2019-10-11;0.7785;0.7995;0.76;0.7795;2568959.0
2019-10-10;0.735;0.782;0.722;0.7795;2808009.0
2019-10-09;0.745;0.7495;0.725;0.725;2691148.0
2019-10-08;0.776;0.7765;0.743;0.754;2452754.0
2019-10-07;0.7975;0.7975;0.76;0.7755;3242146.0
2019-10-04;0.7795;0.796;0.7615;0.791;2259925.0
2019-10-02;0.8365;0.8365;0.766;0.782;5128563.0
2019-10-01;0.8445;0.8575;0.8105;0.8295;2829300.0
2019-09-30;0.814;0.845;0.808;0.845;2940787.0
2019-09-27;0.8395;0.8395;0.802;0.8025;2822298.0
2019-09-26;0.837;0.859;0.827;0.83;2641481.0
2019-09-25;0.828;0.8535;0.801;0.833;7598727.0
2019-09-24;0.838;0.88;0.8;0.84;6678197.0
2019-09-23;0.8055;0.847;0.8;0.8335;4117016.0
2019-09-20;0.818;0.818;0.78;0.8;4819422.0
2019-09-19;0.82;0.84;0.8;0.8125;7408381.0
2019-09-18;0.763;0.8365;0.76;0.819;9007847.0
2019-09-17;0.7495;0.772;0.738;0.7595;3926642.0
2019-09-16;0.7395;0.7515;0.7315;0.7495;2601281.0
2019-09-13;0.7385;0.7385;0.72;0.7385;1303213.0
2019-09-12;0.7405;0.742;0.7235;0.7385;2060690.0
2019-09-11;0.734;0.7395;0.728;0.739;1663963.0
2019-09-10;0.741;0.741;0.722;0.7285;2503563.0
2019-09-09;0.741;0.746;0.724;0.746;2811767.0
2019-09-06;0.7475;0.7585;0.73;0.735;3405465.0
2019-09-05;0.73;0.7475;0.72;0.7465;3922591.0
2019-09-04;0.7095;0.733;0.701;0.7215;3645708.0
2019-09-03;0.7325;0.745;0.69;0.6945;5604779.0
2019-09-02;0.7;0.7295;0.68;0.7295;3495507.0
2019-08-30;0.68;0.698;0.663;0.6905;3039572.0
2019-08-29;0.6345;0.6795;0.63;0.6765;3097744.0
2019-08-28;0.62;0.65;0.608;0.637;1619852.0
2019-08-27;0.643;0.655;0.6205;0.632;2044996.0
2019-08-26;0.6475;0.657;0.61;0.6445;2202248.0
2019-08-23;0.6695;0.68;0.6385;0.6445;2362234.0
2019-08-22;0.685;0.685;0.6445;0.6665;1432530.0
2019-08-21;0.682;0.689;0.65;0.665;1880627.0
2019-08-20;0.6695;0.6885;0.65;0.679;2418795.0
2019-08-19;0.665;0.68;0.6365;0.672;2989008.0
2019-08-16;0.5925;0.65;0.5825;0.65;4587098.0
2019-08-15;0.6245;0.63;0.552;0.598;7009905.0
2019-08-14;0.6895;0.6895;0.6025;0.6235;3906835.0
2019-08-13;0.6885;0.692;0.66;0.6885;1722673.0
2019-08-12;0.692;0.6945;0.671;0.6715;1083159.0
2019-08-09;0.699;0.7;0.671;0.6845;1052486.0
2019-08-08;0.677;0.6995;0.6705;0.693;2024651.0
2019-08-07;0.685;0.686;0.65;0.6645;2478525.0
2019-08-06;0.65;0.698;0.65;0.6795;6179059.0
2019-08-05;0.711;0.715;0.6365;0.659;4916351.0
2019-08-02;0.72;0.7215;0.7015;0.7095;1342794.0
2019-08-01;0.724;0.7295;0.7;0.727;2147994.0
2019-07-31;0.734;0.7355;0.7105;0.715;1400270.0
2019-07-30;0.748;0.76;0.7155;0.7335;2846540.0
2019-07-29;0.724;0.7495;0.72;0.747;2338584.0
2019-07-26;0.7155;0.728;0.71;0.7215;1372975.0
2019-07-25;0.728;0.7345;0.708;0.7155;1726907.0
2019-07-24;0.711;0.7335;0.7;0.7205;2024554.0
2019-07-23;0.733;0.7385;0.7;0.7075;2974925.0
2019-07-22;0.728;0.7345;0.705;0.723;3374112.0
2019-07-19;0.677;0.7195;0.677;0.7075;4176947.0
2019-07-18;0.711;0.7175;0.66;0.6705;4482192.0
2019-07-17;0.738;0.738;0.7;0.7005;2077232.0
2019-07-16;0.7405;0.743;0.7285;0.742;1763217.0
2019-07-15;0.743;0.7475;0.72;0.738;2462542.0
2019-07-12;0.739;0.748;0.714;0.7255;3462970.0
2019-07-11;0.7245;0.7405;0.705;0.7395;4712045.0
2019-07-10;0.688;0.7395;0.685;0.7145;5523282.0
2019-07-09;0.745;0.745;0.68;0.692;8856449.0
2019-07-08;0.77;0.784;0.738;0.7495;7365116.0
2019-07-05;0.812;0.8195;0.7405;0.771;8801972.0
2019-07-04;0.7775;0.81;0.771;0.8085;7007853.0
2019-07-03;0.77;0.78;0.742;0.7795;9114243.0
2019-07-02;0.7495;0.78;0.744;0.763;9927791.0
2019-07-01;0.7295;0.7575;0.71;0.7425;11966855.0
2019-06-28;0.688;0.742;0.665;0.707;18190844.0
2019-06-27;0.5995;0.692;0.59;0.675;9142749.0
2019-06-26;0.6085;0.6115;0.597;0.6;2830596.0
2019-06-25;0.596;0.6175;0.591;0.6;3017315.0
2019-06-24;0.596;0.6215;0.59;0.5955;4898079.0
2019-06-21;0.5945;0.5945;0.5765;0.5945;3126047.0
2019-06-20;0.579;0.5975;0.571;0.5895;7343997.0
2019-06-19;0.585;0.585;0.5305;0.5775;4774047.0
2019-06-18;0.613;0.614;0.575;0.5845;6414632.0
2019-06-17;0.602;0.626;0.592;0.6135;11565600.0
2019-06-14;0.6305;0.6625;0.57;0.5835;23997841.0
2019-06-13;0.5;0.6415;0.437;0.62;44014940.0
2019-06-12;0.599;0.6;0.515;0.5255;25700505.0
2019-06-11;0.7345;0.7345;0.541;0.6045;30376697.0
2019-06-07;0.662;0.734;0.647;0.734;8692336.0
2019-06-06;0.714;0.714;0.635;0.661;10057285.0
2019-06-05;0.741;0.7415;0.698;0.712;9668918.0
2019-06-04;0.79;0.7945;0.6855;0.7415;14302964.0
2019-06-03;0.83;0.8595;0.79;0.817;7581465.0
2019-05-31;0.8995;0.9045;0.76;0.83;11163732.0
2019-05-30;0.88;0.928;0.8785;0.928;4400569.0
2019-05-29;0.9475;0.9475;0.84;0.883;8240914.0
2019-05-28;0.9875;1.004;0.8995;0.9405;8840393.0
2019-05-27;0.934;0.98;0.915;0.9795;3770701.0
2019-05-24;0.89;0.9185;0.8805;0.9075;2392291.0
2019-05-23;0.91;0.919;0.874;0.883;2661440.0
2019-05-22;0.87;0.9095;0.87;0.9095;2656282.0
2019-05-21;0.8595;0.8765;0.843;0.8765;1835818.0
2019-05-20;0.878;0.8895;0.839;0.8615;3256548.0
2019-05-17;0.867;0.8885;0.854;0.8785;2512990.0
2019-05-16;0.8405;0.8615;0.83;0.8615;2012519.0
2019-05-15;0.8405;0.86;0.8125;0.8405;3373260.0
2019-05-14;0.85;0.8695;0.835;0.86;3997954.0
2019-05-13;0.889;0.9199;0.85;0.8874;6464675.0
2019-05-10;0.831;0.8841;0.8151;0.87;4805654.0
2019-05-09;0.899;0.899;0.8;0.85;8663866.0
2019-05-08;0.769;0.8944;0.7565;0.8943;8454853.0
2019-05-07;0.7945;0.7945;0.75;0.755;4338228.0
2019-05-06;0.823;0.823;0.76;0.8049;6166865.0
2019-05-03;0.825;0.837;0.765;0.815;6213783.0
2019-05-02;0.775;0.8321;0.75;0.8198;8681665.0
2019-04-30;0.74;0.767;0.71;0.7572;6995273.0
2019-04-29;0.674;0.75;0.667;0.729;6289533.0
2019-04-26;0.635;0.6786;0.6324;0.675;1586534.0
2019-04-25;0.633;0.644;0.6207;0.6349;611865.0
2019-04-24;0.639;0.639;0.6127;0.6319;944993.0
2019-04-23;0.65;0.6549;0.6176;0.638;1728159.0
2019-04-18;0.6205;0.6475;0.6205;0.6448;2069446.0
2019-04-17;0.64;0.652;0.618;0.618;2165904.0
2019-04-16;0.653;0.653;0.6362;0.6495;2687499.0
2019-04-15;0.633;0.6539;0.626;0.6539;3107520.0
2019-04-12;0.609;0.6215;0.5986;0.62;1117308.0
2019-04-11;0.6145;0.62;0.6;0.609;996090.0
2019-04-10;0.598;0.614;0.5867;0.614;653217.0
2019-04-09;0.614;0.614;0.59;0.595;1683408.0
2019-04-08;0.614;0.62;0.596;0.618;1334657.0
2019-04-05;0.623;0.624;0.586;0.61;1517951.0
2019-04-04;0.625;0.629;0.603;0.625;1568317.0
2019-04-03;0.637;0.64;0.613;0.625;1241937.0
2019-04-02;0.61;0.638;0.608;0.635;1535727.0
2019-04-01;0.614;0.63;0.603;0.63;1287691.0
2019-03-29;0.599;0.605;0.575;0.595;982760.0
2019-03-28;0.578;0.597;0.571;0.596;1400940.0
2019-03-27;0.587;0.599;0.569;0.585;2144520.0
2019-03-26;0.614;0.614;0.58;0.583;2528420.0
2019-03-25;0.63;0.63;0.571;0.619;1602931.0
2019-03-22;0.64;0.644;0.598;0.604;2386751.0
2019-03-21;0.619;0.644;0.611;0.644;1895739.0
2019-03-20;0.608;0.618;0.6;0.612;999925.0
2019-03-19;0.6;0.613;0.59;0.61;1384867.0
2019-03-18;0.599;0.61;0.589;0.61;1537438.0
2019-03-15;0.591;0.599;0.585;0.596;902765.0
2019-03-14;0.598;0.604;0.592;0.595;829449.0
2019-03-13;0.591;0.61;0.581;0.59;1248580.0
2019-03-12;0.573;0.589;0.564;0.589;1357526.0
2019-03-11;0.554;0.573;0.547;0.57;935633.0
2019-03-08;0.558;0.569;0.534;0.569;717428.0
2019-03-07;0.566;0.566;0.55;0.551;746829.0
2019-03-06;0.561;0.567;0.55;0.559;989193.0
2019-03-05;0.569;0.569;0.552;0.56;632584.0
2019-03-04;0.564;0.58;0.558;0.567;1170469.0
2019-03-01;0.557;0.58;0.55;0.57;1209195.0
2019-02-28;0.567;0.567;0.54;0.543;924619.0
2019-02-27;0.549;0.565;0.52;0.558;1742700.0
2019-02-26;0.562;0.562;0.532;0.542;1951607.0
2019-02-25;0.55;0.565;0.54;0.565;2185992.0
2019-02-22;0.519;0.548;0.511;0.539;1846446.0
2019-02-21;0.484;0.525;0.48;0.524;3091475.0
2019-02-20;0.495;0.51;0.477;0.487;4148428.0
2019-02-19;0.545;0.545;0.495;0.505;3847961.0
2019-02-18;0.554;0.569;0.537;0.544;1032184.0
2019-02-15;0.558;0.56;0.545;0.56;1024831.0
2019-02-14;0.56;0.563;0.549;0.559;1262617.0
2019-02-13;0.55;0.58;0.541;0.58;1174341.0
2019-02-12;0.572;0.572;0.54;0.55;2154026.0
2019-02-11;0.537;0.575;0.531;0.56;2691978.0
2019-02-08;0.554;0.554;0.519;0.537;4721025.0
2019-02-07;0.588;0.589;0.539;0.555;2592648.0
2019-02-06;0.597;0.598;0.586;0.59;1023574.0
2019-02-05;0.6;0.601;0.583;0.598;1528329.0
2019-02-04;0.588;0.603;0.579;0.596;1809196.0
2019-02-01;0.589;0.591;0.571;0.578;1957464.0
2019-01-31;0.58;0.589;0.571;0.589;4185919.0
2019-01-30;0.633;0.633;0.55;0.593;5778027.0
2019-01-29;0.622;0.637;0.61;0.637;3473429.0
2019-01-28;0.609;0.634;0.586;0.634;4742362.0
2019-01-25;0.585;0.6;0.58;0.594;2604070.0
2019-01-24;0.562;0.595;0.553;0.584;1715467.0
2019-01-23;0.565;0.568;0.545;0.552;1109306.0
2019-01-22;0.563;0.563;0.548;0.561;2048390.0
2019-01-21;0.57;0.57;0.547;0.569;1359642.0
2019-01-18;0.545;0.551;0.54;0.549;863540.0
2019-01-17;0.553;0.553;0.535;0.543;826897.0
2019-01-16;0.531;0.559;0.521;0.559;1320737.0
2019-01-15;0.545;0.545;0.526;0.532;1426019.0
2019-01-14;0.555;0.557;0.532;0.54;1578351.0
2019-01-11;0.549;0.555;0.538;0.555;1531566.0
2019-01-10;0.554;0.554;0.535;0.547;1166509.0
2019-01-09;0.529;0.555;0.521;0.548;1280802.0
2019-01-08;0.535;0.547;0.516;0.53;2236443.0
2019-01-07;0.57;0.577;0.535;0.538;3425389.0
2019-01-04;0.514;0.57;0.508;0.56;3932143.0
2019-01-03;0.505;0.505;0.487;0.502;1696967.0
2019-01-02;0.488;0.514;0.469;0.514;1412395.0
2018-12-28;0.45;0.469;0.433;0.465;525245.0
2018-12-27;0.479;0.479;0.435;0.449;1124680.0
2018-12-21;0.471;0.471;0.461;0.468;481189.0
2018-12-20;0.479;0.479;0.46;0.469;395552.0
2018-12-19;0.473;0.48;0.451;0.452;779422.0
2018-12-18;0.473;0.473;0.449;0.473;700404.0
2018-12-17;0.475;0.477;0.45;0.473;530158.0
2018-12-14;0.456;0.479;0.453;0.469;526342.0
2018-12-13;0.451;0.469;0.431;0.469;734361.0
2018-12-12;0.459;0.469;0.43;0.461;738058.0
2018-12-11;0.42;0.458;0.42;0.458;1034845.0
2018-12-10;0.436;0.45;0.41;0.42;985015.0
2018-12-07;0.451;0.459;0.436;0.452;558588.0
2018-12-06;0.451;0.469;0.428;0.445;1210491.0
2018-12-05;0.45;0.47;0.441;0.469;360272.0
2018-12-04;0.476;0.481;0.45;0.45;714951.0
2018-12-03;0.485;0.49;0.46;0.48;658805.0
2018-11-30;0.47;0.475;0.443;0.475;282761.0
2018-11-29;0.463;0.473;0.461;0.469;327665.0
2018-11-28;0.46;0.469;0.453;0.464;386848.0
2018-11-27;0.432;0.47;0.431;0.47;485364.0
2018-11-26;0.442;0.442;0.42;0.437;485320.0
2018-11-23;0.46;0.46;0.42;0.439;903678.0
2018-11-22;0.439;0.447;0.433;0.443;599546.0
2018-11-21;0.439;0.448;0.433;0.442;587656.0
2018-11-20;0.47;0.47;0.428;0.435;943038.0
2018-11-19;0.49;0.494;0.459;0.465;1442536.0
2018-11-16;0.5;0.5;0.48;0.481;856806.0
2018-11-15;0.468;0.484;0.455;0.484;776482.0
2018-11-14;0.459;0.47;0.451;0.469;600124.0
2018-11-13;0.458;0.46;0.451;0.459;693866.0
2018-11-12;0.47;0.472;0.456;0.458;869165.0
2018-11-09;0.474;0.474;0.46;0.465;1234320.0
2018-11-08;0.477;0.481;0.46;0.474;771544.0
2018-11-07;0.478;0.483;0.473;0.483;965255.0
2018-11-06;0.476;0.481;0.471;0.48;739776.0
2018-11-05;0.452;0.475;0.439;0.475;2483224.0
2018-11-02;0.43;0.45;0.418;0.447;1782281.0
2018-11-01;0.447;0.447;0.401;0.428;3203247.0
2018-10-31;0.458;0.463;0.45;0.461;1835918.0
2018-10-30;0.463;0.463;0.445;0.454;705538.0
2018-10-29;0.458;0.464;0.451;0.464;554323.0
2018-10-26;0.47;0.47;0.454;0.464;1042432.0
2018-10-25;0.465;0.478;0.432;0.478;1459998.0
2018-10-24;0.463;0.48;0.455;0.479;1430971.0
2018-10-23;0.483;0.483;0.45;0.457;1445671.0
2018-10-22;0.493;0.493;0.473;0.475;1033411.0
2018-10-19;0.479;0.489;0.465;0.489;989561.0
2018-10-18;0.494;0.494;0.463;0.477;1531616.0
2018-10-17;0.513;0.513;0.47;0.493;4094626.0
2018-10-16;0.468;0.514;0.455;0.513;3708475.0
2018-10-15;0.45;0.468;0.431;0.464;2151192.0
2018-10-12;0.47;0.47;0.432;0.449;2343449.0
2018-10-11;0.45;0.459;0.392;0.454;4035894.0
2018-10-10;0.465;0.476;0.437;0.445;2844163.0
2018-10-09;0.509;0.509;0.445;0.477;3369507.0
2018-10-08;0.475;0.512;0.475;0.499;3768619.0
2018-10-05;0.498;0.534;0.472;0.5;4344603.0
2018-10-04;0.457;0.505;0.45;0.495;4619441.0
2018-10-02;0.468;0.468;0.43;0.458;4954401.0
2018-10-01;0.435;0.494;0.415;0.479;5056950.0
2018-09-28;0.405;0.425;0.4;0.424;3896215.0
2018-09-27;0.384;0.41;0.373;0.395;2052546.0
2018-09-26;0.379;0.381;0.369;0.381;1018016.0
2018-09-25;0.382;0.382;0.37;0.378;884914.0
2018-09-24;0.386;0.388;0.377;0.382;1564603.0
2018-09-21;0.374;0.389;0.37;0.388;1387298.0
2018-09-20;0.38;0.38;0.367;0.371;1420696.0
2018-09-19;0.384;0.384;0.37;0.373;999652.0
2018-09-18;0.384;0.4;0.375;0.389;1445567.0
2018-09-17;0.39;0.39;0.367;0.386;1841382.0
2018-09-14;0.364;0.388;0.358;0.374;832077.0
2018-09-13;0.367;0.368;0.359;0.364;597738.0
2018-09-12;0.364;0.366;0.357;0.366;452841.0
2018-09-11;0.371;0.371;0.36;0.363;658586.0
2018-09-10;0.374;0.376;0.361;0.371;521458.0
2018-09-07;0.371;0.373;0.368;0.373;778012.0
2018-09-06;0.379;0.38;0.366;0.377;3317759.0
2018-09-05;0.404;0.404;0.36;0.374;1932595.0
2018-09-04;0.4;0.4;0.375;0.384;2363615.0
2018-09-03;0.403;0.403;0.372;0.396;2150192.0
2018-08-31;0.365;0.39;0.36;0.376;1050443.0
2018-08-30;0.374;0.374;0.362;0.37;719229.0
2018-08-29;0.379;0.38;0.368;0.376;718278.0
2018-08-28;0.368;0.38;0.359;0.38;867826.0
2018-08-27;0.372;0.372;0.351;0.366;853295.0
2018-08-24;0.367;0.367;0.351;0.361;872969.0
2018-08-23;0.366;0.41;0.342;0.366;1688280.0
2018-08-22;0.368;0.368;0.351;0.366;382844.0
2018-08-21;0.358;0.368;0.351;0.368;649975.0
2018-08-20;0.351;0.359;0.341;0.355;377264.0
2018-08-17;0.342;0.346;0.341;0.346;138797.0
2018-08-16;0.349;0.359;0.34;0.359;443104.0
2018-08-15;0.359;0.359;0.341;0.349;412525.0
2018-08-14;0.352;0.359;0.341;0.359;306133.0
2018-08-13;0.35;0.351;0.34;0.35;547581.0
2018-08-10;0.346;0.354;0.345;0.351;268894.0
2018-08-09;0.358;0.359;0.341;0.354;497375.0
2018-08-08;0.352;0.359;0.34;0.359;412905.0
2018-08-07;0.344;0.35;0.34;0.35;565950.0
2018-08-06;0.356;0.356;0.335;0.344;444395.0
2018-08-03;0.342;0.357;0.33;0.357;387348.0
2018-08-02;0.344;0.344;0.331;0.334;454694.0
2018-08-01;0.332;0.354;0.332;0.342;617847.0
2018-07-31;0.353;0.353;0.34;0.345;655939.0
2018-07-30;0.364;0.364;0.353;0.354;262343.0
2018-07-27;0.357;0.37;0.341;0.37;541026.0
2018-07-26;0.356;0.359;0.35;0.357;461397.0
2018-07-25;0.331;0.36;0.331;0.36;339921.0
2018-07-24;0.355;0.355;0.334;0.344;753828.0
2018-07-23;0.35;0.368;0.33;0.368;784044.0
2018-07-20;0.34;0.34;0.33;0.33;622257.0
2018-07-19;0.339;0.34;0.334;0.339;181088.0
2018-07-18;0.36;0.36;0.335;0.34;242901.0
2018-07-17;0.344;0.344;0.333;0.34;295688.0
2018-07-16;0.369;0.369;0.336;0.344;668223.0
2018-07-13;0.357;0.357;0.344;0.351;376647.0
2018-07-12;0.363;0.363;0.35;0.354;480911.0
2018-07-11;0.368;0.369;0.356;0.369;572678.0
2018-07-10;0.359;0.374;0.351;0.369;1138929.0
2018-07-09;0.384;0.384;0.34;0.357;1901552.0
2018-07-06;0.346;0.355;0.33;0.345;939627.0
2018-07-05;0.347;0.347;0.334;0.342;1044050.0
2018-07-04;0.342;0.348;0.328;0.348;147527.0
2018-07-03;0.35;0.35;0.33;0.334;191700.0
2018-07-02;0.367;0.367;0.334;0.345;524455.0
2018-06-29;0.36;0.369;0.326;0.344;1669237.0
2018-06-28;0.3;0.378;0.3;0.369;1990183.0
2018-06-27;0.31;0.31;0.296;0.3;147656.0
2018-06-26;0.322;0.322;0.295;0.321;216018.0
2018-06-25;0.319;0.319;0.301;0.314;209063.0
2018-06-22;0.31;0.32;0.302;0.319;245487.0
2018-06-21;0.311;0.319;0.31;0.31;158219.0
2018-06-20;0.312;0.319;0.311;0.314;120285.0
2018-06-19;0.319;0.322;0.311;0.319;193963.0
2018-06-18;0.319;0.324;0.31;0.32;195959.0
2018-06-15;0.31;0.32;0.31;0.31;155660.0
2018-06-14;0.317;0.324;0.314;0.32;179750.0
2018-06-13;0.327;0.327;0.32;0.32;89899.0
2018-06-12;0.32;0.329;0.32;0.32;183300.0
2018-06-11;0.322;0.33;0.32;0.329;264458.0
2018-06-08;0.32;0.322;0.32;0.322;128313.0
2018-06-07;0.328;0.328;0.321;0.324;91579.0
2018-06-06;0.32;0.328;0.32;0.327;184764.0
2018-06-05;0.324;0.328;0.312;0.328;238015.0
2018-06-04;0.349;0.349;0.319;0.319;411119.0
2018-06-01;0.34;0.347;0.317;0.33;407478.0
2018-05-31;0.309;0.33;0.3;0.33;127582.0
2018-05-30;0.298;0.309;0.298;0.309;673874.0
2018-05-29;0.309;0.309;0.298;0.309;106351.0
2018-05-28;0.31;0.316;0.3;0.3;170868.0
2018-05-25;0.315;0.319;0.297;0.319;47843.0
2018-05-24;0.319;0.322;0.301;0.315;420658.0
2018-05-23;0.316;0.322;0.3;0.322;198680.0
2018-05-22;0.33;0.332;0.32;0.325;159960.0
2018-05-18;0.335;0.335;0.308;0.319;399436.0
2018-05-17;0.31;0.34;0.31;0.33;246528.0
2018-05-16;0.31;0.35;0.306;0.341;542439.0
2018-05-15;0.305;0.314;0.305;0.314;215317.0
2018-05-14;0.317;0.32;0.305;0.305;375075.0
2018-05-11;0.325;0.325;0.305;0.305;312813.0
2018-05-10;0.303;0.332;0.281;0.332;405578.0
2018-05-09;0.282;0.318;0.282;0.318;169574.0
2018-05-08;0.312;0.312;0.29;0.29;195903.0
2018-05-07;0.301;0.301;0.281;0.294;588086.0
2018-05-04;0.3;0.3;0.29;0.298;347308.0
2018-05-03;0.282;0.315;0.282;0.315;214777.0
2018-05-02;0.294;0.304;0.281;0.304;136766.0
2018-04-30;0.29;0.295;0.281;0.292;218596.0
2018-04-27;0.274;0.293;0.274;0.289;34713.0
2018-04-26;0.263;0.284;0.263;0.284;160150.0
2018-04-25;0.269;0.284;0.269;0.27;43906.0
2018-04-24;0.282;0.289;0.28;0.285;427220.0
2018-04-23;0.28;0.295;0.28;0.29;136340.0
2018-04-20;0.281;0.302;0.281;0.302;374243.0
2018-04-19;0.281;0.29;0.281;0.281;175887.0
2018-04-18;0.285;0.294;0.285;0.294;15380.0
2018-04-17;0.29;0.295;0.281;0.295;147315.0
2018-04-16;0.281;0.281;0.279;0.28;73497.0
2018-04-13;0.28;0.295;0.28;0.295;66722.0
2018-04-12;0.29;0.29;0.28;0.28;67768.0
2018-04-11;0.295;0.3;0.28;0.28;223893.0
2018-04-10;0.28;0.298;0.28;0.298;131596.0
2018-04-09;0.278;0.287;0.27;0.287;464635.0
2018-04-06;0.28;0.299;0.27;0.275;748942.0
2018-04-05;0.32;0.32;0.26;0.302;554827.0
2018-04-04;0.3;0.31;0.291;0.31;482442.0
2018-04-03;0.339;0.339;0.3;0.317;209309.0
2018-03-29;0.333;0.333;0.31;0.32;163300.0
2018-03-28;0.309;0.327;0.309;0.317;31838.0
2018-03-27;0.322;0.328;0.321;0.328;222082.0
2018-03-26;0.321;0.338;0.321;0.321;214378.0
2018-03-23;0.306;0.334;0.301;0.334;103966.0
2018-03-22;0.338;0.338;0.302;0.338;312270.0
2018-03-21;0.32;0.338;0.32;0.338;159550.0
2018-03-20;0.32;0.321;0.32;0.321;75930.0
2018-03-19;0.349;0.349;0.324;0.324;453045.0
2018-03-16;0.332;0.349;0.332;0.34;184499.0
2018-03-15;0.349;0.349;0.33;0.349;178377.0
2018-03-14;0.315;0.35;0.315;0.35;260990.0
2018-03-13;0.334;0.334;0.311;0.315;130886.0
2018-03-12;0.343;0.343;0.313;0.329;222110.0
2018-03-09;0.322;0.323;0.304;0.323;92920.0
2018-03-08;0.324;0.324;0.302;0.32;79697.0
2018-03-07;0.305;0.327;0.305;0.324;86795.0
2018-03-06;0.336;0.336;0.308;0.32;162148.0
2018-03-05;0.332;0.332;0.3;0.33;529842.0
2018-03-02;0.31;0.331;0.3;0.331;266000.0
2018-03-01;0.321;0.332;0.31;0.317;230168.0
2018-02-28;0.35;0.35;0.319;0.328;143290.0
2018-02-27;0.32;0.357;0.32;0.344;271362.0
2018-02-26;0.321;0.357;0.32;0.32;84180.0
2018-02-23;0.321;0.338;0.321;0.33;87350.0
2018-02-22;0.343;0.347;0.32;0.32;190829.0
2018-02-21;0.339;0.35;0.318;0.35;141488.0
2018-02-20;0.32;0.351;0.311;0.351;220511.0
2018-02-19;0.35;0.359;0.311;0.332;893645.0
2018-02-16;0.305;0.34;0.295;0.332;661181.0
2018-02-15;0.292;0.312;0.292;0.305;90673.0
2018-02-14;0.292;0.314;0.292;0.314;53756.0
2018-02-13;0.28;0.305;0.28;0.305;76545.0
2018-02-12;0.271;0.294;0.271;0.294;106282.0
2018-02-09;0.309;0.309;0.28;0.28;229950.0
2018-02-08;0.295;0.312;0.286;0.288;0.0
2018-02-07;0.313;0.323;0.284;0.295;0.0
2018-02-06;0.301;0.325;0.273;0.325;598700.0
2018-02-05;0.356;0.356;0.3;0.313;548059.0
2018-02-02;0.382;0.382;0.315;0.331;335447.0
2018-02-01;0.35;0.352;0.313;0.352;0.0
2018-01-31;0.316;0.349;0.31;0.349;596470.0
2018-01-30;0.34;0.349;0.33;0.33;155455.0
2018-01-29;0.332;0.352;0.332;0.3516;58080.0
2018-01-26;0.333;0.354;0.333;0.337;24310.0
2018-01-25;0.332;0.354;0.332;0.336;65450.0
2018-01-24;0.33;0.34;0.33;0.339;25806.0
2018-01-23;0.34;0.344;0.33;0.344;46750.0
2018-01-22;0.35;0.352;0.344;0.344;47988.0
2018-01-19;0.354;0.354;0.332;0.343;40544.0
2018-01-18;0.34;0.349;0.335;0.339;85222.0
2018-01-17;0.357;0.357;0.335;0.335;184635.0
2018-01-16;0.341;0.363;0.341;0.354;131500.0
2018-01-15;0.338;0.355;0.335;0.3422;92380.0
2018-01-12;0.3326;0.348;0.3294;0.334;183000.0
2018-01-11;0.325;0.3312;0.325;0.3312;51810.0
2018-01-10;0.335;0.353;0.326;0.338;308004.0
2018-01-09;0.355;0.355;0.333;0.35;168777.0
2018-01-08;0.353;0.353;0.33;0.343;194481.0
2018-01-05;0.331;0.347;0.331;0.344;208550.0
2018-01-04;0.34;0.354;0.333;0.333;98270.0
2018-01-03;0.34;0.357;0.33;0.337;346616.0
2018-01-02;0.345;0.362;0.329;0.35;163542.0
2017-12-29;0.34;0.359;0.334;0.349;94710.0
2017-12-28;0.341;0.354;0.333;0.333;136856.0
2017-12-27;0.37;0.37;0.34;0.356;0.0
2017-12-22;0.355;0.355;0.342;0.351;339460.0
2017-12-21;0.346;0.351;0.33;0.349;311551.0
2017-12-20;0.382;0.382;0.33;0.347;338943.0
2017-12-19;0.37;0.388;0.353;0.363;511122.0
2017-12-18;0.375;0.375;0.34;0.361;395176.0
2017-12-15;0.359;0.366;0.358;0.365;281743.0
2017-12-14;0.378;0.378;0.353;0.358;232060.0
2017-12-13;0.365;0.385;0.36;0.378;349900.0
2017-12-12;0.372;0.374;0.36;0.374;265721.0
2017-12-11;0.361;0.372;0.341;0.367;645154.0
2017-12-08;0.356;0.359;0.34;0.353;276200.0
2017-12-07;0.365;0.37;0.334;0.358;532158.0
2017-12-06;0.339;0.37;0.321;0.37;437744.0
2017-12-05;0.301;0.368;0.301;0.338;321364.0
2017-12-04;0.315;0.329;0.307;0.308;210400.0
2017-12-01;0.33;0.33;0.3;0.305;194388.0
2017-11-30;0.318;0.321;0.3;0.321;43090.0
2017-11-29;0.29;0.327;0.29;0.32;232128.0
2017-11-28;0.305;0.309;0.29;0.29;34000.0
2017-11-27;0.31;0.31;0.287;0.307;224000.0
2017-11-24;0.305;0.305;0.29;0.295;50266.0
2017-11-23;0.29;0.298;0.29;0.291;31000.0
2017-11-22;0.31;0.31;0.29;0.29;21282.0
2017-11-21;0.3;0.309;0.29;0.309;275422.0
2017-11-20;0.289;0.317;0.289;0.3;38044.0
2017-11-17;0.319;0.319;0.293;0.295;26940.0
2017-11-16;0.3;0.329;0.28;0.314;237310.0
2017-11-15;0.281;0.292;0.281;0.292;60522.0
2017-11-14;0.3;0.309;0.285;0.309;140560.0
2017-11-13;0.296;0.305;0.285;0.3;227400.0
2017-11-10;0.291;0.295;0.281;0.282;149690.0
2017-11-09;0.296;0.296;0.281;0.285;68360.0
2017-11-08;0.297;0.299;0.29;0.29;143200.0
2017-11-07;0.28;0.3;0.28;0.296;189832.0
2017-11-06;0.305;0.305;0.281;0.294;284982.0
2017-11-03;0.303;0.304;0.29;0.298;282958.0
2017-11-02;0.309;0.309;0.275;0.304;293814.0
2017-11-01;0.305;0.308;0.285;0.304;388790.0
2017-10-30;0.327;0.332;0.31;0.328;379228.0
2017-10-27;0.33;0.33;0.307;0.308;114100.0
2017-10-26;0.325;0.327;0.303;0.319;129966.0
2017-10-25;0.31;0.319;0.303;0.303;167394.0
2017-10-24;0.319;0.319;0.31;0.319;199300.0
2017-10-23;0.334;0.334;0.31;0.319;254740.0
2017-10-20;0.32;0.326;0.307;0.312;246724.0
2017-10-19;0.3;0.313;0.3;0.302;277212.0
2017-10-18;0.306;0.307;0.3;0.307;77400.0
2017-10-17;0.305;0.308;0.295;0.307;254774.0
2017-10-16;0.304;0.309;0.295;0.308;316210.0
2017-10-13;0.306;0.306;0.3;0.304;287010.0
2017-10-12;0.3;0.32;0.29;0.308;522410.0
2017-10-11;0.328;0.328;0.295;0.298;1006494.0
2017-10-10;0.29;0.325;0.272;0.32;1333280.0
2017-10-09;0.285;0.314;0.275;0.304;532320.0
